Fecha,Turno,Posicion,Numero
16/07/2024,Nocturna,01,959
16/07/2024,Nocturna,02,246
16/07/2024,Nocturna,03,724
16/07/2024,Nocturna,04,205
16/07/2024,Nocturna,05,164
16/07/2024,Nocturna,06,972
16/07/2024,Nocturna,07,485
16/07/2024,Nocturna,08,761
16/07/2024,Nocturna,09,861
16/07/2024,Nocturna,10,781
16/07/2024,Nocturna,11,897
16/07/2024,Nocturna,12,459
16/07/2024,Nocturna,13,960
16/07/2024,Nocturna,14,450
16/07/2024,Nocturna,15,962
16/07/2024,Nocturna,16,859
16/07/2024,Nocturna,17,474
16/07/2024,Nocturna,18,829
16/07/2024,Nocturna,19,300
16/07/2024,Nocturna,20,735
16/07/2024,Vespertina,01,936
16/07/2024,Vespertina,02,185
16/07/2024,Vespertina,03,287
16/07/2024,Vespertina,04,621
16/07/2024,Vespertina,05,460
16/07/2024,Vespertina,06,731
16/07/2024,Vespertina,07,775
16/07/2024,Vespertina,08,108
16/07/2024,Vespertina,09,166
16/07/2024,Vespertina,10,849
16/07/2024,Vespertina,11,646
16/07/2024,Vespertina,12,226
16/07/2024,Vespertina,13,296
16/07/2024,Vespertina,14,304
16/07/2024,Vespertina,15,242
16/07/2024,Vespertina,16,131
16/07/2024,Vespertina,17,751
16/07/2024,Vespertina,18,469
16/07/2024,Vespertina,19,237
16/07/2024,Vespertina,20,311
15/07/2024,Nocturna,01,134
15/07/2024,Nocturna,02,256
15/07/2024,Nocturna,03,760
15/07/2024,Nocturna,04,657
15/07/2024,Nocturna,05,263
15/07/2024,Nocturna,06,106
15/07/2024,Nocturna,07,565
15/07/2024,Nocturna,08,003
15/07/2024,Nocturna,09,593
15/07/2024,Nocturna,10,286
15/07/2024,Nocturna,11,834
15/07/2024,Nocturna,12,637
15/07/2024,Nocturna,13,544
15/07/2024,Nocturna,14,489
15/07/2024,Nocturna,15,164
15/07/2024,Nocturna,16,425
15/07/2024,Nocturna,17,160
15/07/2024,Nocturna,18,083
15/07/2024,Nocturna,19,476
15/07/2024,Nocturna,20,856
15/07/2024,Vespertina,01,057
15/07/2024,Vespertina,02,790
15/07/2024,Vespertina,03,449
15/07/2024,Vespertina,04,715
15/07/2024,Vespertina,05,231
15/07/2024,Vespertina,06,377
15/07/2024,Vespertina,07,148
15/07/2024,Vespertina,08,968
15/07/2024,Vespertina,09,828
15/07/2024,Vespertina,10,833
15/07/2024,Vespertina,11,451
15/07/2024,Vespertina,12,828
15/07/2024,Vespertina,13,813
15/07/2024,Vespertina,14,014
15/07/2024,Vespertina,15,889
15/07/2024,Vespertina,16,649
15/07/2024,Vespertina,17,781
15/07/2024,Vespertina,18,188
15/07/2024,Vespertina,19,219
15/07/2024,Vespertina,20,571
13/07/2024,Nocturna,01,416
13/07/2024,Nocturna,02,454
13/07/2024,Nocturna,03,288
13/07/2024,Nocturna,04,927
13/07/2024,Nocturna,05,274
13/07/2024,Nocturna,06,324
13/07/2024,Nocturna,07,192
13/07/2024,Nocturna,08,168
13/07/2024,Nocturna,09,306
13/07/2024,Nocturna,10,535
13/07/2024,Nocturna,11,303
13/07/2024,Nocturna,12,700
13/07/2024,Nocturna,13,295
13/07/2024,Nocturna,14,293
13/07/2024,Nocturna,15,815
13/07/2024,Nocturna,16,408
13/07/2024,Nocturna,17,820
13/07/2024,Nocturna,18,585
13/07/2024,Nocturna,19,845
13/07/2024,Nocturna,20,461
12/07/2024,Nocturna,01,758
12/07/2024,Nocturna,02,354
12/07/2024,Nocturna,03,287
12/07/2024,Nocturna,04,534
12/07/2024,Nocturna,05,600
12/07/2024,Nocturna,06,907
12/07/2024,Nocturna,07,475
12/07/2024,Nocturna,08,106
12/07/2024,Nocturna,09,017
12/07/2024,Nocturna,10,018
12/07/2024,Nocturna,11,005
12/07/2024,Nocturna,12,779
12/07/2024,Nocturna,13,095
12/07/2024,Nocturna,14,271
12/07/2024,Nocturna,15,227
12/07/2024,Nocturna,16,442
12/07/2024,Nocturna,17,228
12/07/2024,Nocturna,18,578
12/07/2024,Nocturna,19,351
12/07/2024,Nocturna,20,476
12/07/2024,Vespertina,01,870
12/07/2024,Vespertina,02,419
12/07/2024,Vespertina,03,568
12/07/2024,Vespertina,04,769
12/07/2024,Vespertina,05,447
12/07/2024,Vespertina,06,605
12/07/2024,Vespertina,07,742
12/07/2024,Vespertina,08,871
12/07/2024,Vespertina,09,784
12/07/2024,Vespertina,10,779
12/07/2024,Vespertina,11,563
12/07/2024,Vespertina,12,280
12/07/2024,Vespertina,13,415
12/07/2024,Vespertina,14,188
12/07/2024,Vespertina,15,484
12/07/2024,Vespertina,16,443
12/07/2024,Vespertina,17,631
12/07/2024,Vespertina,18,948
12/07/2024,Vespertina,19,923
12/07/2024,Vespertina,20,222
11/07/2024,Nocturna,01,874
11/07/2024,Nocturna,02,760
11/07/2024,Nocturna,03,660
11/07/2024,Nocturna,04,560
11/07/2024,Nocturna,05,291
11/07/2024,Nocturna,06,188
11/07/2024,Nocturna,07,756
11/07/2024,Nocturna,08,756
11/07/2024,Nocturna,09,998
11/07/2024,Nocturna,10,161
11/07/2024,Nocturna,11,997
11/07/2024,Nocturna,12,008
11/07/2024,Nocturna,13,268
11/07/2024,Nocturna,14,906
11/07/2024,Nocturna,15,294
11/07/2024,Nocturna,16,394
11/07/2024,Nocturna,17,766
11/07/2024,Nocturna,18,606
11/07/2024,Nocturna,19,292
11/07/2024,Nocturna,20,670
11/07/2024,Vespertina,01,319
11/07/2024,Vespertina,02,574
11/07/2024,Vespertina,03,722
11/07/2024,Vespertina,04,835
11/07/2024,Vespertina,05,425
11/07/2024,Vespertina,06,455
11/07/2024,Vespertina,07,495
11/07/2024,Vespertina,08,233
11/07/2024,Vespertina,09,553
11/07/2024,Vespertina,10,711
11/07/2024,Vespertina,11,044
11/07/2024,Vespertina,12,508
11/07/2024,Vespertina,13,171
11/07/2024,Vespertina,14,622
11/07/2024,Vespertina,15,697
11/07/2024,Vespertina,16,255
11/07/2024,Vespertina,17,657
11/07/2024,Vespertina,18,447
11/07/2024,Vespertina,19,945
11/07/2024,Vespertina,20,006
10/07/2024,Nocturna,01,426
10/07/2024,Nocturna,02,819
10/07/2024,Nocturna,03,039
10/07/2024,Nocturna,04,283
10/07/2024,Nocturna,05,461
10/07/2024,Nocturna,06,639
10/07/2024,Nocturna,07,131
10/07/2024,Nocturna,08,458
10/07/2024,Nocturna,09,580
10/07/2024,Nocturna,10,824
10/07/2024,Nocturna,11,777
10/07/2024,Nocturna,12,247
10/07/2024,Nocturna,13,386
10/07/2024,Nocturna,14,189
10/07/2024,Nocturna,15,378
10/07/2024,Nocturna,16,024
10/07/2024,Nocturna,17,610
10/07/2024,Nocturna,18,060
10/07/2024,Nocturna,19,472
10/07/2024,Nocturna,20,876
10/07/2024,Vespertina,01,132
10/07/2024,Vespertina,02,312
10/07/2024,Vespertina,03,936
10/07/2024,Vespertina,04,870
10/07/2024,Vespertina,05,127
10/07/2024,Vespertina,06,056
10/07/2024,Vespertina,07,386
10/07/2024,Vespertina,08,089
10/07/2024,Vespertina,09,920
10/07/2024,Vespertina,10,739
10/07/2024,Vespertina,11,478
10/07/2024,Vespertina,12,317
10/07/2024,Vespertina,13,387
10/07/2024,Vespertina,14,706
10/07/2024,Vespertina,15,771
10/07/2024,Vespertina,16,135
10/07/2024,Vespertina,17,986
10/07/2024,Vespertina,18,008
10/07/2024,Vespertina,19,674
10/07/2024,Vespertina,20,167
09/07/2024,Nocturna,01,485
09/07/2024,Nocturna,02,475
09/07/2024,Nocturna,03,852
09/07/2024,Nocturna,04,731
09/07/2024,Nocturna,05,037
09/07/2024,Nocturna,06,861
09/07/2024,Nocturna,07,801
09/07/2024,Nocturna,08,879
09/07/2024,Nocturna,09,993
09/07/2024,Nocturna,10,726
09/07/2024,Nocturna,11,808
09/07/2024,Nocturna,12,651
09/07/2024,Nocturna,13,685
09/07/2024,Nocturna,14,298
09/07/2024,Nocturna,15,372
09/07/2024,Nocturna,16,926
09/07/2024,Nocturna,17,936
09/07/2024,Nocturna,18,416
09/07/2024,Nocturna,19,612
09/07/2024,Nocturna,20,092
09/07/2024,Vespertina,01,960
09/07/2024,Vespertina,02,595
09/07/2024,Vespertina,03,221
09/07/2024,Vespertina,04,489
09/07/2024,Vespertina,05,033
09/07/2024,Vespertina,06,202
09/07/2024,Vespertina,07,490
09/07/2024,Vespertina,08,561
09/07/2024,Vespertina,09,665
09/07/2024,Vespertina,10,799
09/07/2024,Vespertina,11,265
09/07/2024,Vespertina,12,082
09/07/2024,Vespertina,13,478
09/07/2024,Vespertina,14,812
09/07/2024,Vespertina,15,425
09/07/2024,Vespertina,16,276
09/07/2024,Vespertina,17,056
09/07/2024,Vespertina,18,345
09/07/2024,Vespertina,19,648
09/07/2024,Vespertina,20,015
08/07/2024,Nocturna,01,425
08/07/2024,Nocturna,02,788
08/07/2024,Nocturna,03,963
08/07/2024,Nocturna,04,245
08/07/2024,Nocturna,05,884
08/07/2024,Nocturna,06,824
08/07/2024,Nocturna,07,927
08/07/2024,Nocturna,08,635
08/07/2024,Nocturna,09,437
08/07/2024,Nocturna,10,617
08/07/2024,Nocturna,11,346
08/07/2024,Nocturna,12,176
08/07/2024,Nocturna,13,181
08/07/2024,Nocturna,14,282
08/07/2024,Nocturna,15,232
08/07/2024,Nocturna,16,730
08/07/2024,Nocturna,17,392
08/07/2024,Nocturna,18,918
08/07/2024,Nocturna,19,436
08/07/2024,Nocturna,20,227
08/07/2024,Vespertina,01,983
08/07/2024,Vespertina,02,961
08/07/2024,Vespertina,03,279
08/07/2024,Vespertina,04,372
08/07/2024,Vespertina,05,463
08/07/2024,Vespertina,06,948
08/07/2024,Vespertina,07,988
08/07/2024,Vespertina,08,453
08/07/2024,Vespertina,09,342
08/07/2024,Vespertina,10,850
08/07/2024,Vespertina,11,423
08/07/2024,Vespertina,12,909
08/07/2024,Vespertina,13,224
08/07/2024,Vespertina,14,036
08/07/2024,Vespertina,15,387
08/07/2024,Vespertina,16,031
08/07/2024,Vespertina,17,342
08/07/2024,Vespertina,18,202
08/07/2024,Vespertina,19,363
08/07/2024,Vespertina,20,638
06/07/2024,Nocturna,01,452
06/07/2024,Nocturna,02,094
06/07/2024,Nocturna,03,560
06/07/2024,Nocturna,04,655
06/07/2024,Nocturna,05,177
06/07/2024,Nocturna,06,428
06/07/2024,Nocturna,07,538
06/07/2024,Nocturna,08,695
06/07/2024,Nocturna,09,046
06/07/2024,Nocturna,10,406
06/07/2024,Nocturna,11,667
06/07/2024,Nocturna,12,160
06/07/2024,Nocturna,13,649
06/07/2024,Nocturna,14,249
06/07/2024,Nocturna,15,436
06/07/2024,Nocturna,16,667
06/07/2024,Nocturna,17,598
06/07/2024,Nocturna,18,239
06/07/2024,Nocturna,19,911
06/07/2024,Nocturna,20,793
05/07/2024,Nocturna,01,074
05/07/2024,Nocturna,02,672
05/07/2024,Nocturna,03,243
05/07/2024,Nocturna,04,457
05/07/2024,Nocturna,05,553
05/07/2024,Nocturna,06,910
05/07/2024,Nocturna,07,333
05/07/2024,Nocturna,08,678
05/07/2024,Nocturna,09,149
05/07/2024,Nocturna,10,049
05/07/2024,Nocturna,11,744
05/07/2024,Nocturna,12,815
05/07/2024,Nocturna,13,684
05/07/2024,Nocturna,14,399
05/07/2024,Nocturna,15,239
05/07/2024,Nocturna,16,085
05/07/2024,Nocturna,17,173
05/07/2024,Nocturna,18,228
05/07/2024,Nocturna,19,232
05/07/2024,Nocturna,20,813
05/07/2024,Vespertina,01,327
05/07/2024,Vespertina,02,207
05/07/2024,Vespertina,03,695
05/07/2024,Vespertina,04,931
05/07/2024,Vespertina,05,223
05/07/2024,Vespertina,06,949
05/07/2024,Vespertina,07,406
05/07/2024,Vespertina,08,090
05/07/2024,Vespertina,09,280
05/07/2024,Vespertina,10,139
05/07/2024,Vespertina,11,772
05/07/2024,Vespertina,12,722
05/07/2024,Vespertina,13,788
05/07/2024,Vespertina,14,180
05/07/2024,Vespertina,15,114
05/07/2024,Vespertina,16,423
05/07/2024,Vespertina,17,103
05/07/2024,Vespertina,18,615
05/07/2024,Vespertina,19,012
05/07/2024,Vespertina,20,774
04/07/2024,Nocturna,01,430
04/07/2024,Nocturna,02,864
04/07/2024,Nocturna,03,634
04/07/2024,Nocturna,04,613
04/07/2024,Nocturna,05,429
04/07/2024,Nocturna,06,348
04/07/2024,Nocturna,07,845
04/07/2024,Nocturna,08,131
04/07/2024,Nocturna,09,641
04/07/2024,Nocturna,10,468
04/07/2024,Nocturna,11,063
04/07/2024,Nocturna,12,143
04/07/2024,Nocturna,13,606
04/07/2024,Nocturna,14,097
04/07/2024,Nocturna,15,578
04/07/2024,Nocturna,16,850
04/07/2024,Nocturna,17,059
04/07/2024,Nocturna,18,214
04/07/2024,Nocturna,19,800
04/07/2024,Nocturna,20,933
04/07/2024,Vespertina,01,447
04/07/2024,Vespertina,02,033
04/07/2024,Vespertina,03,406
04/07/2024,Vespertina,04,212
04/07/2024,Vespertina,05,199
04/07/2024,Vespertina,06,128
04/07/2024,Vespertina,07,478
04/07/2024,Vespertina,08,503
04/07/2024,Vespertina,09,464
04/07/2024,Vespertina,10,351
04/07/2024,Vespertina,11,959
04/07/2024,Vespertina,12,266
04/07/2024,Vespertina,13,661
04/07/2024,Vespertina,14,674
04/07/2024,Vespertina,15,450
04/07/2024,Vespertina,16,004
04/07/2024,Vespertina,17,273
04/07/2024,Vespertina,18,805
04/07/2024,Vespertina,19,132
04/07/2024,Vespertina,20,829
03/07/2024,Nocturna,01,641
03/07/2024,Nocturna,02,219
03/07/2024,Nocturna,03,305
03/07/2024,Nocturna,04,360
03/07/2024,Nocturna,05,169
03/07/2024,Nocturna,06,736
03/07/2024,Nocturna,07,729
03/07/2024,Nocturna,08,639
03/07/2024,Nocturna,09,889
03/07/2024,Nocturna,10,377
03/07/2024,Nocturna,11,198
03/07/2024,Nocturna,12,756
03/07/2024,Nocturna,13,017
03/07/2024,Nocturna,14,135
03/07/2024,Nocturna,15,043
03/07/2024,Nocturna,16,939
03/07/2024,Nocturna,17,351
03/07/2024,Nocturna,18,084
03/07/2024,Nocturna,19,030
03/07/2024,Nocturna,20,038
03/07/2024,Vespertina,01,358
03/07/2024,Vespertina,02,961
03/07/2024,Vespertina,03,801
03/07/2024,Vespertina,04,406
03/07/2024,Vespertina,05,735
03/07/2024,Vespertina,06,455
03/07/2024,Vespertina,07,003
03/07/2024,Vespertina,08,259
03/07/2024,Vespertina,09,394
03/07/2024,Vespertina,10,166
03/07/2024,Vespertina,11,790
03/07/2024,Vespertina,12,301
03/07/2024,Vespertina,13,284
03/07/2024,Vespertina,14,810
03/07/2024,Vespertina,15,810
03/07/2024,Vespertina,16,502
03/07/2024,Vespertina,17,684
03/07/2024,Vespertina,18,564
03/07/2024,Vespertina,19,285
03/07/2024,Vespertina,20,197
02/07/2024,Nocturna,01,200
02/07/2024,Nocturna,02,075
02/07/2024,Nocturna,03,011
02/07/2024,Nocturna,04,029
02/07/2024,Nocturna,05,680
02/07/2024,Nocturna,06,657
02/07/2024,Nocturna,07,218
02/07/2024,Nocturna,08,734
02/07/2024,Nocturna,09,191
02/07/2024,Nocturna,10,511
02/07/2024,Nocturna,11,904
02/07/2024,Nocturna,12,211
02/07/2024,Nocturna,13,063
02/07/2024,Nocturna,14,375
02/07/2024,Nocturna,15,098
02/07/2024,Nocturna,16,675
02/07/2024,Nocturna,17,402
02/07/2024,Nocturna,18,221
02/07/2024,Nocturna,19,595
02/07/2024,Nocturna,20,519
02/07/2024,Vespertina,01,200
02/07/2024,Vespertina,02,075
02/07/2024,Vespertina,03,011
02/07/2024,Vespertina,04,029
02/07/2024,Vespertina,05,680
02/07/2024,Vespertina,06,657
02/07/2024,Vespertina,07,218
02/07/2024,Vespertina,08,734
02/07/2024,Vespertina,09,191
02/07/2024,Vespertina,10,511
02/07/2024,Vespertina,11,904
02/07/2024,Vespertina,12,211
02/07/2024,Vespertina,13,063
02/07/2024,Vespertina,14,375
02/07/2024,Vespertina,15,098
02/07/2024,Vespertina,16,675
02/07/2024,Vespertina,17,402
02/07/2024,Vespertina,18,221
02/07/2024,Vespertina,19,595
02/07/2024,Vespertina,20,519
01/07/2024,Vespertina,01,175
01/07/2024,Vespertina,02,502
01/07/2024,Vespertina,03,045
01/07/2024,Vespertina,04,596
01/07/2024,Vespertina,05,164
01/07/2024,Vespertina,06,853
01/07/2024,Vespertina,07,135
01/07/2024,Vespertina,08,668
01/07/2024,Vespertina,09,676
01/07/2024,Vespertina,10,267
01/07/2024,Vespertina,11,613
01/07/2024,Vespertina,12,070
01/07/2024,Vespertina,13,549
01/07/2024,Vespertina,14,064
01/07/2024,Vespertina,15,131
01/07/2024,Vespertina,16,013
01/07/2024,Vespertina,17,710
01/07/2024,Vespertina,18,932
01/07/2024,Vespertina,19,336
01/07/2024,Vespertina,20,392
29/06/2024,Nocturna,01,905
29/06/2024,Nocturna,02,058
29/06/2024,Nocturna,03,162
29/06/2024,Nocturna,04,848
29/06/2024,Nocturna,05,147
29/06/2024,Nocturna,06,814
29/06/2024,Nocturna,07,426
29/06/2024,Nocturna,08,911
29/06/2024,Nocturna,09,978
29/06/2024,Nocturna,10,897
29/06/2024,Nocturna,11,036
29/06/2024,Nocturna,12,192
29/06/2024,Nocturna,13,899
29/06/2024,Nocturna,14,820
29/06/2024,Nocturna,15,268
29/06/2024,Nocturna,16,014
29/06/2024,Nocturna,17,240
29/06/2024,Nocturna,18,367
29/06/2024,Nocturna,19,583
29/06/2024,Nocturna,20,295
28/06/2024,Nocturna,01,370
28/06/2024,Nocturna,02,749
28/06/2024,Nocturna,03,102
28/06/2024,Nocturna,04,289
28/06/2024,Nocturna,05,766
28/06/2024,Nocturna,06,400
28/06/2024,Nocturna,07,713
28/06/2024,Nocturna,08,839
28/06/2024,Nocturna,09,797
28/06/2024,Nocturna,10,234
28/06/2024,Nocturna,11,156
28/06/2024,Nocturna,12,646
28/06/2024,Nocturna,13,586
28/06/2024,Nocturna,14,384
28/06/2024,Nocturna,15,600
28/06/2024,Nocturna,16,428
28/06/2024,Nocturna,17,168
28/06/2024,Nocturna,18,511
28/06/2024,Nocturna,19,354
28/06/2024,Nocturna,20,534
28/06/2024,Vespertina,01,652
28/06/2024,Vespertina,02,094
28/06/2024,Vespertina,03,882
28/06/2024,Vespertina,04,122
28/06/2024,Vespertina,05,662
28/06/2024,Vespertina,06,836
28/06/2024,Vespertina,07,389
28/06/2024,Vespertina,08,915
28/06/2024,Vespertina,09,740
28/06/2024,Vespertina,10,573
28/06/2024,Vespertina,11,669
28/06/2024,Vespertina,12,193
28/06/2024,Vespertina,13,045
28/06/2024,Vespertina,14,067
28/06/2024,Vespertina,15,567
28/06/2024,Vespertina,16,994
28/06/2024,Vespertina,17,642
28/06/2024,Vespertina,18,333
28/06/2024,Vespertina,19,352
28/06/2024,Vespertina,20,634
27/06/2024,Nocturna,01,661
27/06/2024,Nocturna,02,459
27/06/2024,Nocturna,03,218
27/06/2024,Nocturna,04,603
27/06/2024,Nocturna,05,225
27/06/2024,Nocturna,06,958
27/06/2024,Nocturna,07,268
27/06/2024,Nocturna,08,730
27/06/2024,Nocturna,09,169
27/06/2024,Nocturna,10,722
27/06/2024,Nocturna,11,249
27/06/2024,Nocturna,12,690
27/06/2024,Nocturna,13,100
27/06/2024,Nocturna,14,108
27/06/2024,Nocturna,15,167
27/06/2024,Nocturna,16,123
27/06/2024,Nocturna,17,910
27/06/2024,Nocturna,18,817
27/06/2024,Nocturna,19,011
27/06/2024,Nocturna,20,485
27/06/2024,Vespertina,01,004
27/06/2024,Vespertina,02,157
27/06/2024,Vespertina,03,437
27/06/2024,Vespertina,04,023
27/06/2024,Vespertina,05,654
27/06/2024,Vespertina,06,842
27/06/2024,Vespertina,07,235
27/06/2024,Vespertina,08,977
27/06/2024,Vespertina,09,405
27/06/2024,Vespertina,10,551
27/06/2024,Vespertina,11,067
27/06/2024,Vespertina,12,469
27/06/2024,Vespertina,13,169
27/06/2024,Vespertina,14,457
27/06/2024,Vespertina,15,909
27/06/2024,Vespertina,16,954
27/06/2024,Vespertina,17,456
27/06/2024,Vespertina,18,746
27/06/2024,Vespertina,19,002
27/06/2024,Vespertina,20,973
26/06/2024,Vespertina,01,637
26/06/2024,Vespertina,02,012
26/06/2024,Vespertina,03,974
26/06/2024,Vespertina,04,923
26/06/2024,Vespertina,05,560
26/06/2024,Vespertina,06,491
26/06/2024,Vespertina,07,563
26/06/2024,Vespertina,08,167
26/06/2024,Vespertina,09,744
26/06/2024,Vespertina,10,242
26/06/2024,Vespertina,11,927
26/06/2024,Vespertina,12,308
26/06/2024,Vespertina,13,415
26/06/2024,Vespertina,14,393
26/06/2024,Vespertina,15,997
26/06/2024,Vespertina,16,049
26/06/2024,Vespertina,17,749
26/06/2024,Vespertina,18,381
26/06/2024,Vespertina,19,995
26/06/2024,Vespertina,20,346
25/06/2024,Nocturna,01,679
25/06/2024,Nocturna,02,360
25/06/2024,Nocturna,03,231
25/06/2024,Nocturna,04,129
25/06/2024,Nocturna,05,973
25/06/2024,Nocturna,06,804
25/06/2024,Nocturna,07,955
25/06/2024,Nocturna,08,080
25/06/2024,Nocturna,09,774
25/06/2024,Nocturna,10,647
25/06/2024,Nocturna,11,368
25/06/2024,Nocturna,12,917
25/06/2024,Nocturna,13,965
25/06/2024,Nocturna,14,552
25/06/2024,Nocturna,15,662
25/06/2024,Nocturna,16,090
25/06/2024,Nocturna,17,013
25/06/2024,Nocturna,18,983
25/06/2024,Nocturna,19,286
25/06/2024,Nocturna,20,368
25/06/2024,Vespertina,01,867
25/06/2024,Vespertina,02,018
25/06/2024,Vespertina,03,786
25/06/2024,Vespertina,04,114
25/06/2024,Vespertina,05,351
25/06/2024,Vespertina,06,013
25/06/2024,Vespertina,07,103
25/06/2024,Vespertina,08,701
25/06/2024,Vespertina,09,941
25/06/2024,Vespertina,10,738
25/06/2024,Vespertina,11,209
25/06/2024,Vespertina,12,748
25/06/2024,Vespertina,13,778
25/06/2024,Vespertina,14,997
25/06/2024,Vespertina,15,491
25/06/2024,Vespertina,16,617
25/06/2024,Vespertina,17,097
25/06/2024,Vespertina,18,106
25/06/2024,Vespertina,19,114
25/06/2024,Vespertina,20,341
24/06/2024,Nocturna,01,669
24/06/2024,Nocturna,02,882
24/06/2024,Nocturna,03,737
24/06/2024,Nocturna,04,185
24/06/2024,Nocturna,05,331
24/06/2024,Nocturna,06,102
24/06/2024,Nocturna,07,563
24/06/2024,Nocturna,08,528
24/06/2024,Nocturna,09,667
24/06/2024,Nocturna,10,994
24/06/2024,Nocturna,11,153
24/06/2024,Nocturna,12,305
24/06/2024,Nocturna,13,057
24/06/2024,Nocturna,14,606
24/06/2024,Nocturna,15,997
24/06/2024,Nocturna,16,232
24/06/2024,Nocturna,17,803
24/06/2024,Nocturna,18,111
24/06/2024,Nocturna,19,336
24/06/2024,Nocturna,20,845
24/06/2024,Vespertina,01,027
24/06/2024,Vespertina,02,984
24/06/2024,Vespertina,03,282
24/06/2024,Vespertina,04,840
24/06/2024,Vespertina,05,039
24/06/2024,Vespertina,06,581
24/06/2024,Vespertina,07,220
24/06/2024,Vespertina,08,321
24/06/2024,Vespertina,09,863
24/06/2024,Vespertina,10,071
24/06/2024,Vespertina,11,980
24/06/2024,Vespertina,12,306
24/06/2024,Vespertina,13,573
24/06/2024,Vespertina,14,908
24/06/2024,Vespertina,15,796
24/06/2024,Vespertina,16,076
24/06/2024,Vespertina,17,023
24/06/2024,Vespertina,18,521
24/06/2024,Vespertina,19,727
24/06/2024,Vespertina,20,869
22/06/2024,Nocturna,01,844
22/06/2024,Nocturna,02,195
22/06/2024,Nocturna,03,683
22/06/2024,Nocturna,04,911
22/06/2024,Nocturna,05,077
22/06/2024,Nocturna,06,784
22/06/2024,Nocturna,07,683
22/06/2024,Nocturna,08,299
22/06/2024,Nocturna,09,521
22/06/2024,Nocturna,10,680
22/06/2024,Nocturna,11,444
22/06/2024,Nocturna,12,576
22/06/2024,Nocturna,13,260
22/06/2024,Nocturna,14,198
22/06/2024,Nocturna,15,130
22/06/2024,Nocturna,16,742
22/06/2024,Nocturna,17,213
22/06/2024,Nocturna,18,188
22/06/2024,Nocturna,19,659
22/06/2024,Nocturna,20,152
21/06/2024,Nocturna,01,809
21/06/2024,Nocturna,02,991
21/06/2024,Nocturna,03,619
21/06/2024,Nocturna,04,374
21/06/2024,Nocturna,05,034
21/06/2024,Nocturna,06,535
21/06/2024,Nocturna,07,229
21/06/2024,Nocturna,08,683
21/06/2024,Nocturna,09,998
21/06/2024,Nocturna,10,691
21/06/2024,Nocturna,11,478
21/06/2024,Nocturna,12,158
21/06/2024,Nocturna,13,519
21/06/2024,Nocturna,14,993
21/06/2024,Nocturna,15,196
21/06/2024,Nocturna,16,514
21/06/2024,Nocturna,17,205
21/06/2024,Nocturna,18,847
21/06/2024,Nocturna,19,298
21/06/2024,Nocturna,20,038
21/06/2024,Vespertina,01,265
21/06/2024,Vespertina,02,411
21/06/2024,Vespertina,03,099
21/06/2024,Vespertina,04,398
21/06/2024,Vespertina,05,030
21/06/2024,Vespertina,06,205
21/06/2024,Vespertina,07,371
21/06/2024,Vespertina,08,738
21/06/2024,Vespertina,09,262
21/06/2024,Vespertina,10,072
21/06/2024,Vespertina,11,103
21/06/2024,Vespertina,12,099
21/06/2024,Vespertina,13,558
21/06/2024,Vespertina,14,555
21/06/2024,Vespertina,15,941
21/06/2024,Vespertina,16,250
21/06/2024,Vespertina,17,014
21/06/2024,Vespertina,18,247
21/06/2024,Vespertina,19,827
21/06/2024,Vespertina,20,915
20/06/2024,Nocturna,01,777
20/06/2024,Nocturna,02,310
20/06/2024,Nocturna,03,731
20/06/2024,Nocturna,04,938
20/06/2024,Nocturna,05,734
20/06/2024,Nocturna,06,076
20/06/2024,Nocturna,07,252
20/06/2024,Nocturna,08,242
20/06/2024,Nocturna,09,769
20/06/2024,Nocturna,10,965
20/06/2024,Nocturna,11,594
20/06/2024,Nocturna,12,828
20/06/2024,Nocturna,13,337
20/06/2024,Nocturna,14,022
20/06/2024,Nocturna,15,336
20/06/2024,Nocturna,16,738
20/06/2024,Nocturna,17,729
20/06/2024,Nocturna,18,629
20/06/2024,Nocturna,19,715
20/06/2024,Nocturna,20,930
20/06/2024,Vespertina,01,460
20/06/2024,Vespertina,02,430
20/06/2024,Vespertina,03,261
20/06/2024,Vespertina,04,421
20/06/2024,Vespertina,05,087
20/06/2024,Vespertina,06,188
20/06/2024,Vespertina,07,754
20/06/2024,Vespertina,08,281
20/06/2024,Vespertina,09,209
20/06/2024,Vespertina,10,727
20/06/2024,Vespertina,11,345
20/06/2024,Vespertina,12,556
20/06/2024,Vespertina,13,461
20/06/2024,Vespertina,14,707
20/06/2024,Vespertina,15,447
20/06/2024,Vespertina,16,633
20/06/2024,Vespertina,17,748
20/06/2024,Vespertina,18,037
20/06/2024,Vespertina,19,216
20/06/2024,Vespertina,20,387
18/06/2024,Nocturna,01,921
18/06/2024,Nocturna,02,627
18/06/2024,Nocturna,03,402
18/06/2024,Nocturna,04,078
18/06/2024,Nocturna,05,684
18/06/2024,Nocturna,06,480
18/06/2024,Nocturna,07,225
18/06/2024,Nocturna,08,988
18/06/2024,Nocturna,09,889
18/06/2024,Nocturna,10,856
18/06/2024,Nocturna,11,014
18/06/2024,Nocturna,12,990
18/06/2024,Nocturna,13,069
18/06/2024,Nocturna,14,853
18/06/2024,Nocturna,15,767
18/06/2024,Nocturna,16,361
18/06/2024,Nocturna,17,243
18/06/2024,Nocturna,18,733
18/06/2024,Nocturna,19,217
18/06/2024,Nocturna,20,692
18/06/2024,Vespertina,01,796
18/06/2024,Vespertina,02,704
18/06/2024,Vespertina,03,315
18/06/2024,Vespertina,04,141
18/06/2024,Vespertina,05,188
18/06/2024,Vespertina,06,024
18/06/2024,Vespertina,07,769
18/06/2024,Vespertina,08,506
18/06/2024,Vespertina,09,401
18/06/2024,Vespertina,10,101
18/06/2024,Vespertina,11,120
18/06/2024,Vespertina,12,891
18/06/2024,Vespertina,13,861
18/06/2024,Vespertina,14,244
18/06/2024,Vespertina,15,984
18/06/2024,Vespertina,16,700
18/06/2024,Vespertina,17,726
18/06/2024,Vespertina,18,764
18/06/2024,Vespertina,19,700
18/06/2024,Vespertina,20,354
17/06/2024,Nocturna,01,304
17/06/2024,Nocturna,02,455
17/06/2024,Nocturna,03,592
17/06/2024,Nocturna,04,257
17/06/2024,Nocturna,05,296
17/06/2024,Nocturna,06,796
17/06/2024,Nocturna,07,319
17/06/2024,Nocturna,08,105
17/06/2024,Nocturna,09,106
17/06/2024,Nocturna,10,920
17/06/2024,Nocturna,11,722
17/06/2024,Nocturna,12,061
17/06/2024,Nocturna,13,399
17/06/2024,Nocturna,14,937
17/06/2024,Nocturna,15,052
17/06/2024,Nocturna,16,958
17/06/2024,Nocturna,17,504
17/06/2024,Nocturna,18,131
17/06/2024,Nocturna,19,545
17/06/2024,Nocturna,20,666
17/06/2024,Vespertina,01,326
17/06/2024,Vespertina,02,861
17/06/2024,Vespertina,03,691
17/06/2024,Vespertina,04,283
17/06/2024,Vespertina,05,859
17/06/2024,Vespertina,06,362
17/06/2024,Vespertina,07,200
17/06/2024,Vespertina,08,578
17/06/2024,Vespertina,09,759
17/06/2024,Vespertina,10,293
17/06/2024,Vespertina,11,815
17/06/2024,Vespertina,12,875
17/06/2024,Vespertina,13,023
17/06/2024,Vespertina,14,588
17/06/2024,Vespertina,15,675
17/06/2024,Vespertina,16,379
17/06/2024,Vespertina,17,972
17/06/2024,Vespertina,18,945
17/06/2024,Vespertina,19,569
17/06/2024,Vespertina,20,507
15/06/2024,Nocturna,01,930
15/06/2024,Nocturna,02,093
15/06/2024,Nocturna,03,545
15/06/2024,Nocturna,04,414
15/06/2024,Nocturna,05,625
15/06/2024,Nocturna,06,328
15/06/2024,Nocturna,07,553
15/06/2024,Nocturna,08,527
15/06/2024,Nocturna,09,005
15/06/2024,Nocturna,10,694
15/06/2024,Nocturna,11,846
15/06/2024,Nocturna,12,295
15/06/2024,Nocturna,13,105
15/06/2024,Nocturna,14,521
15/06/2024,Nocturna,15,332
15/06/2024,Nocturna,16,084
15/06/2024,Nocturna,17,965
15/06/2024,Nocturna,18,487
15/06/2024,Nocturna,19,733
15/06/2024,Nocturna,20,636
14/06/2024,Nocturna,01,370
14/06/2024,Nocturna,02,116
14/06/2024,Nocturna,03,604
14/06/2024,Nocturna,04,296
14/06/2024,Nocturna,05,141
14/06/2024,Nocturna,06,906
14/06/2024,Nocturna,07,163
14/06/2024,Nocturna,08,443
14/06/2024,Nocturna,09,031
14/06/2024,Nocturna,10,854
14/06/2024,Nocturna,11,138
14/06/2024,Nocturna,12,746
14/06/2024,Nocturna,13,946
14/06/2024,Nocturna,14,680
14/06/2024,Nocturna,15,454
14/06/2024,Nocturna,16,182
14/06/2024,Nocturna,17,096
14/06/2024,Nocturna,18,378
14/06/2024,Nocturna,19,052
14/06/2024,Nocturna,20,647
14/06/2024,Vespertina,01,238
14/06/2024,Vespertina,02,778
14/06/2024,Vespertina,03,240
14/06/2024,Vespertina,04,535
14/06/2024,Vespertina,05,540
14/06/2024,Vespertina,06,241
14/06/2024,Vespertina,07,738
14/06/2024,Vespertina,08,362
14/06/2024,Vespertina,09,523
14/06/2024,Vespertina,10,957
14/06/2024,Vespertina,11,627
14/06/2024,Vespertina,12,406
14/06/2024,Vespertina,13,578
14/06/2024,Vespertina,14,422
14/06/2024,Vespertina,15,644
14/06/2024,Vespertina,16,156
14/06/2024,Vespertina,17,812
14/06/2024,Vespertina,18,369
14/06/2024,Vespertina,19,909
14/06/2024,Vespertina,20,209
13/06/2024,Nocturna,01,529
13/06/2024,Nocturna,02,900
13/06/2024,Nocturna,03,206
13/06/2024,Nocturna,04,740
13/06/2024,Nocturna,05,947
13/06/2024,Nocturna,06,766
13/06/2024,Nocturna,07,361
13/06/2024,Nocturna,08,220
13/06/2024,Nocturna,09,112
13/06/2024,Nocturna,10,006
13/06/2024,Nocturna,11,147
13/06/2024,Nocturna,12,894
13/06/2024,Nocturna,13,768
13/06/2024,Nocturna,14,205
13/06/2024,Nocturna,15,136
13/06/2024,Nocturna,16,705
13/06/2024,Nocturna,17,556
13/06/2024,Nocturna,18,655
13/06/2024,Nocturna,19,863
13/06/2024,Nocturna,20,294
13/06/2024,Vespertina,01,266
13/06/2024,Vespertina,02,326
13/06/2024,Vespertina,03,180
13/06/2024,Vespertina,04,965
13/06/2024,Vespertina,05,704
13/06/2024,Vespertina,06,651
13/06/2024,Vespertina,07,780
13/06/2024,Vespertina,08,012
13/06/2024,Vespertina,09,558
13/06/2024,Vespertina,10,692
13/06/2024,Vespertina,11,403
13/06/2024,Vespertina,12,990
13/06/2024,Vespertina,13,568
13/06/2024,Vespertina,14,993
13/06/2024,Vespertina,15,412
13/06/2024,Vespertina,16,546
13/06/2024,Vespertina,17,016
13/06/2024,Vespertina,18,026
13/06/2024,Vespertina,19,382
13/06/2024,Vespertina,20,962
12/06/2024,Nocturna,01,001
12/06/2024,Nocturna,02,046
12/06/2024,Nocturna,03,550
12/06/2024,Nocturna,04,886
12/06/2024,Nocturna,05,315
12/06/2024,Nocturna,06,760
12/06/2024,Nocturna,07,175
12/06/2024,Nocturna,08,781
12/06/2024,Nocturna,09,256
12/06/2024,Nocturna,10,541
12/06/2024,Nocturna,11,632
12/06/2024,Nocturna,12,563
12/06/2024,Nocturna,13,856
12/06/2024,Nocturna,14,264
12/06/2024,Nocturna,15,485
12/06/2024,Nocturna,16,507
12/06/2024,Nocturna,17,450
12/06/2024,Nocturna,18,053
12/06/2024,Nocturna,19,630
12/06/2024,Nocturna,20,502
12/06/2024,Vespertina,01,311
12/06/2024,Vespertina,02,409
12/06/2024,Vespertina,03,274
12/06/2024,Vespertina,04,886
12/06/2024,Vespertina,05,126
12/06/2024,Vespertina,06,885
12/06/2024,Vespertina,07,919
12/06/2024,Vespertina,08,557
12/06/2024,Vespertina,09,309
12/06/2024,Vespertina,10,944
12/06/2024,Vespertina,11,062
12/06/2024,Vespertina,12,530
12/06/2024,Vespertina,13,678
12/06/2024,Vespertina,14,858
12/06/2024,Vespertina,15,315
12/06/2024,Vespertina,16,709
12/06/2024,Vespertina,17,026
12/06/2024,Vespertina,18,704
12/06/2024,Vespertina,19,175
12/06/2024,Vespertina,20,241
11/06/2024,Nocturna,01,467
11/06/2024,Nocturna,02,401
11/06/2024,Nocturna,03,154
11/06/2024,Nocturna,04,601
11/06/2024,Nocturna,05,877
11/06/2024,Nocturna,06,595
11/06/2024,Nocturna,07,539
11/06/2024,Nocturna,08,404
11/06/2024,Nocturna,09,692
11/06/2024,Nocturna,10,048
11/06/2024,Nocturna,11,593
11/06/2024,Nocturna,12,108
11/06/2024,Nocturna,13,993
11/06/2024,Nocturna,14,500
11/06/2024,Nocturna,15,302
11/06/2024,Nocturna,16,265
11/06/2024,Nocturna,17,055
11/06/2024,Nocturna,18,572
11/06/2024,Nocturna,19,204
11/06/2024,Nocturna,20,092
11/06/2024,Vespertina,01,102
11/06/2024,Vespertina,02,598
11/06/2024,Vespertina,03,250
11/06/2024,Vespertina,04,227
11/06/2024,Vespertina,05,211
11/06/2024,Vespertina,06,863
11/06/2024,Vespertina,07,670
11/06/2024,Vespertina,08,089
11/06/2024,Vespertina,09,017
11/06/2024,Vespertina,10,466
11/06/2024,Vespertina,11,163
11/06/2024,Vespertina,12,609
11/06/2024,Vespertina,13,273
11/06/2024,Vespertina,14,111
11/06/2024,Vespertina,15,953
11/06/2024,Vespertina,16,617
11/06/2024,Vespertina,17,819
11/06/2024,Vespertina,18,365
11/06/2024,Vespertina,19,097
11/06/2024,Vespertina,20,655
10/06/2024,Nocturna,01,908
10/06/2024,Nocturna,02,028
10/06/2024,Nocturna,03,713
10/06/2024,Nocturna,04,382
10/06/2024,Nocturna,05,396
10/06/2024,Nocturna,06,041
10/06/2024,Nocturna,07,194
10/06/2024,Nocturna,08,925
10/06/2024,Nocturna,09,873
10/06/2024,Nocturna,10,591
10/06/2024,Nocturna,11,759
10/06/2024,Nocturna,12,739
10/06/2024,Nocturna,13,236
10/06/2024,Nocturna,14,873
10/06/2024,Nocturna,15,322
10/06/2024,Nocturna,16,826
10/06/2024,Nocturna,17,825
10/06/2024,Nocturna,18,396
10/06/2024,Nocturna,19,740
10/06/2024,Nocturna,20,165
10/06/2024,Vespertina,01,288
10/06/2024,Vespertina,02,020
10/06/2024,Vespertina,03,553
10/06/2024,Vespertina,04,120
10/06/2024,Vespertina,05,372
10/06/2024,Vespertina,06,719
10/06/2024,Vespertina,07,413
10/06/2024,Vespertina,08,086
10/06/2024,Vespertina,09,295
10/06/2024,Vespertina,10,127
10/06/2024,Vespertina,11,538
10/06/2024,Vespertina,12,341
10/06/2024,Vespertina,13,307
10/06/2024,Vespertina,14,152
10/06/2024,Vespertina,15,388
10/06/2024,Vespertina,16,950
10/06/2024,Vespertina,17,147
10/06/2024,Vespertina,18,592
10/06/2024,Vespertina,19,654
10/06/2024,Vespertina,20,873
08/06/2024,Nocturna,01,662
08/06/2024,Nocturna,02,904
08/06/2024,Nocturna,03,782
08/06/2024,Nocturna,04,519
08/06/2024,Nocturna,05,707
08/06/2024,Nocturna,06,245
08/06/2024,Nocturna,07,341
08/06/2024,Nocturna,08,283
08/06/2024,Nocturna,09,700
08/06/2024,Nocturna,10,071
08/06/2024,Nocturna,11,811
08/06/2024,Nocturna,12,005
08/06/2024,Nocturna,13,979
08/06/2024,Nocturna,14,076
08/06/2024,Nocturna,15,075
08/06/2024,Nocturna,16,274
08/06/2024,Nocturna,17,558
08/06/2024,Nocturna,18,128
08/06/2024,Nocturna,19,025
08/06/2024,Nocturna,20,319
07/06/2024,Nocturna,01,070
07/06/2024,Nocturna,02,822
07/06/2024,Nocturna,03,867
07/06/2024,Nocturna,04,584
07/06/2024,Nocturna,05,221
07/06/2024,Nocturna,06,035
07/06/2024,Nocturna,07,140
07/06/2024,Nocturna,08,499
07/06/2024,Nocturna,09,974
07/06/2024,Nocturna,10,928
07/06/2024,Nocturna,11,290
07/06/2024,Nocturna,12,696
07/06/2024,Nocturna,13,709
07/06/2024,Nocturna,14,261
07/06/2024,Nocturna,15,110
07/06/2024,Nocturna,16,228
07/06/2024,Nocturna,17,335
07/06/2024,Nocturna,18,109
07/06/2024,Nocturna,19,890
07/06/2024,Nocturna,20,373
07/06/2024,Vespertina,01,376
07/06/2024,Vespertina,02,222
07/06/2024,Vespertina,03,788
07/06/2024,Vespertina,04,925
07/06/2024,Vespertina,05,553
07/06/2024,Vespertina,06,462
07/06/2024,Vespertina,07,292
07/06/2024,Vespertina,08,235
07/06/2024,Vespertina,09,828
07/06/2024,Vespertina,10,679
07/06/2024,Vespertina,11,780
07/06/2024,Vespertina,12,064
07/06/2024,Vespertina,13,062
07/06/2024,Vespertina,14,996
07/06/2024,Vespertina,15,163
07/06/2024,Vespertina,16,110
07/06/2024,Vespertina,17,151
07/06/2024,Vespertina,18,493
07/06/2024,Vespertina,19,255
07/06/2024,Vespertina,20,745
06/06/2024,Nocturna,01,331
06/06/2024,Nocturna,02,204
06/06/2024,Nocturna,03,247
06/06/2024,Nocturna,04,586
06/06/2024,Nocturna,05,389
06/06/2024,Nocturna,06,651
06/06/2024,Nocturna,07,689
06/06/2024,Nocturna,08,791
06/06/2024,Nocturna,09,412
06/06/2024,Nocturna,10,345
06/06/2024,Nocturna,11,046
06/06/2024,Nocturna,12,445
06/06/2024,Nocturna,13,642
06/06/2024,Nocturna,14,649
06/06/2024,Nocturna,15,027
06/06/2024,Nocturna,16,397
06/06/2024,Nocturna,17,163
06/06/2024,Nocturna,18,474
06/06/2024,Nocturna,19,209
06/06/2024,Nocturna,20,827
06/06/2024,Vespertina,01,043
06/06/2024,Vespertina,02,831
06/06/2024,Vespertina,03,481
06/06/2024,Vespertina,04,815
06/06/2024,Vespertina,05,119
06/06/2024,Vespertina,06,010
06/06/2024,Vespertina,07,411
06/06/2024,Vespertina,08,340
06/06/2024,Vespertina,09,032
06/06/2024,Vespertina,10,354
06/06/2024,Vespertina,11,870
06/06/2024,Vespertina,12,507
06/06/2024,Vespertina,13,766
06/06/2024,Vespertina,14,966
06/06/2024,Vespertina,15,794
06/06/2024,Vespertina,16,160
06/06/2024,Vespertina,17,114
06/06/2024,Vespertina,18,235
06/06/2024,Vespertina,19,924
06/06/2024,Vespertina,20,908
05/06/2024,Nocturna,01,226
05/06/2024,Nocturna,02,807
05/06/2024,Nocturna,03,567
05/06/2024,Nocturna,04,215
05/06/2024,Nocturna,05,046
05/06/2024,Nocturna,06,705
05/06/2024,Nocturna,07,641
05/06/2024,Nocturna,08,198
05/06/2024,Nocturna,09,012
05/06/2024,Nocturna,10,336
05/06/2024,Nocturna,11,995
05/06/2024,Nocturna,12,619
05/06/2024,Nocturna,13,219
05/06/2024,Nocturna,14,083
05/06/2024,Nocturna,15,757
05/06/2024,Nocturna,16,388
05/06/2024,Nocturna,17,025
05/06/2024,Nocturna,18,323
05/06/2024,Nocturna,19,853
05/06/2024,Nocturna,20,866
05/06/2024,Vespertina,01,692
05/06/2024,Vespertina,02,775
05/06/2024,Vespertina,03,204
05/06/2024,Vespertina,04,507
05/06/2024,Vespertina,05,334
05/06/2024,Vespertina,06,308
05/06/2024,Vespertina,07,545
05/06/2024,Vespertina,08,080
05/06/2024,Vespertina,09,699
05/06/2024,Vespertina,10,871
05/06/2024,Vespertina,11,207
05/06/2024,Vespertina,12,169
05/06/2024,Vespertina,13,347
05/06/2024,Vespertina,14,101
05/06/2024,Vespertina,15,625
05/06/2024,Vespertina,16,648
05/06/2024,Vespertina,17,961
05/06/2024,Vespertina,18,652
05/06/2024,Vespertina,19,009
05/06/2024,Vespertina,20,020
04/06/2024,Nocturna,01,040
04/06/2024,Nocturna,02,698
04/06/2024,Nocturna,03,434
04/06/2024,Nocturna,04,184
04/06/2024,Nocturna,05,084
04/06/2024,Nocturna,06,212
04/06/2024,Nocturna,07,706
04/06/2024,Nocturna,08,858
04/06/2024,Nocturna,09,067
04/06/2024,Nocturna,10,045
04/06/2024,Nocturna,11,173
04/06/2024,Nocturna,12,819
04/06/2024,Nocturna,13,562
04/06/2024,Nocturna,14,233
04/06/2024,Nocturna,15,398
04/06/2024,Nocturna,16,287
04/06/2024,Nocturna,17,945
04/06/2024,Nocturna,18,028
04/06/2024,Nocturna,19,226
04/06/2024,Nocturna,20,477
04/06/2024,Vespertina,01,456
04/06/2024,Vespertina,02,454
04/06/2024,Vespertina,03,705
04/06/2024,Vespertina,04,862
04/06/2024,Vespertina,05,394
04/06/2024,Vespertina,06,166
04/06/2024,Vespertina,07,959
04/06/2024,Vespertina,08,502
04/06/2024,Vespertina,09,285
04/06/2024,Vespertina,10,392
04/06/2024,Vespertina,11,384
04/06/2024,Vespertina,12,905
04/06/2024,Vespertina,13,203
04/06/2024,Vespertina,14,314
04/06/2024,Vespertina,15,901
04/06/2024,Vespertina,16,646
04/06/2024,Vespertina,17,004
04/06/2024,Vespertina,18,069
04/06/2024,Vespertina,19,796
04/06/2024,Vespertina,20,131
03/06/2024,Nocturna,01,958
03/06/2024,Nocturna,02,066
03/06/2024,Nocturna,03,889
03/06/2024,Nocturna,04,479
03/06/2024,Nocturna,05,091
03/06/2024,Nocturna,06,506
03/06/2024,Nocturna,07,186
03/06/2024,Nocturna,08,249
03/06/2024,Nocturna,09,693
03/06/2024,Nocturna,10,696
03/06/2024,Nocturna,11,421
03/06/2024,Nocturna,12,179
03/06/2024,Nocturna,13,722
03/06/2024,Nocturna,14,321
03/06/2024,Nocturna,15,599
03/06/2024,Nocturna,16,812
03/06/2024,Nocturna,17,022
03/06/2024,Nocturna,18,060
03/06/2024,Nocturna,19,598
03/06/2024,Nocturna,20,307
03/06/2024,Vespertina,01,800
03/06/2024,Vespertina,02,434
03/06/2024,Vespertina,03,942
03/06/2024,Vespertina,04,847
03/06/2024,Vespertina,05,523
03/06/2024,Vespertina,06,004
03/06/2024,Vespertina,07,257
03/06/2024,Vespertina,08,655
03/06/2024,Vespertina,09,453
03/06/2024,Vespertina,10,265
03/06/2024,Vespertina,11,951
03/06/2024,Vespertina,12,520
03/06/2024,Vespertina,13,962
03/06/2024,Vespertina,14,352
03/06/2024,Vespertina,15,343
03/06/2024,Vespertina,16,478
03/06/2024,Vespertina,17,695
03/06/2024,Vespertina,18,549
03/06/2024,Vespertina,19,644
03/06/2024,Vespertina,20,255
01/06/2024,Nocturna,01,616
01/06/2024,Nocturna,02,115
01/06/2024,Nocturna,03,108
01/06/2024,Nocturna,04,274
01/06/2024,Nocturna,05,196
01/06/2024,Nocturna,06,250
01/06/2024,Nocturna,07,229
01/06/2024,Nocturna,08,568
01/06/2024,Nocturna,09,208
01/06/2024,Nocturna,10,158
01/06/2024,Nocturna,11,572
01/06/2024,Nocturna,12,651
01/06/2024,Nocturna,13,697
01/06/2024,Nocturna,14,620
01/06/2024,Nocturna,15,527
01/06/2024,Nocturna,16,950
01/06/2024,Nocturna,17,719
01/06/2024,Nocturna,18,253
01/06/2024,Nocturna,19,471
01/06/2024,Nocturna,20,466
31/05/2024,Nocturna,01,337
31/05/2024,Nocturna,02,838
31/05/2024,Nocturna,03,093
31/05/2024,Nocturna,04,383
31/05/2024,Nocturna,05,197
31/05/2024,Nocturna,06,210
31/05/2024,Nocturna,07,100
31/05/2024,Nocturna,08,368
31/05/2024,Nocturna,09,934
31/05/2024,Nocturna,10,096
31/05/2024,Nocturna,11,353
31/05/2024,Nocturna,12,564
31/05/2024,Nocturna,13,893
31/05/2024,Nocturna,14,896
31/05/2024,Nocturna,15,931
31/05/2024,Nocturna,16,815
31/05/2024,Nocturna,17,250
31/05/2024,Nocturna,18,789
31/05/2024,Nocturna,19,545
31/05/2024,Nocturna,20,158
31/05/2024,Vespertina,01,595
31/05/2024,Vespertina,02,242
31/05/2024,Vespertina,03,809
31/05/2024,Vespertina,04,354
31/05/2024,Vespertina,05,146
31/05/2024,Vespertina,06,614
31/05/2024,Vespertina,07,975
31/05/2024,Vespertina,08,424
31/05/2024,Vespertina,09,835
31/05/2024,Vespertina,10,179
31/05/2024,Vespertina,11,705
31/05/2024,Vespertina,12,844
31/05/2024,Vespertina,13,334
31/05/2024,Vespertina,14,480
31/05/2024,Vespertina,15,092
31/05/2024,Vespertina,16,253
31/05/2024,Vespertina,17,191
31/05/2024,Vespertina,18,886
31/05/2024,Vespertina,19,014
31/05/2024,Vespertina,20,380
30/05/2024,Nocturna,01,138
30/05/2024,Nocturna,02,782
30/05/2024,Nocturna,03,220
30/05/2024,Nocturna,04,686
30/05/2024,Nocturna,05,772
30/05/2024,Nocturna,06,196
30/05/2024,Nocturna,07,579
30/05/2024,Nocturna,08,192
30/05/2024,Nocturna,09,305
30/05/2024,Nocturna,10,596
30/05/2024,Nocturna,11,644
30/05/2024,Nocturna,12,036
30/05/2024,Nocturna,13,119
30/05/2024,Nocturna,14,161
30/05/2024,Nocturna,15,637
30/05/2024,Nocturna,16,061
30/05/2024,Nocturna,17,783
30/05/2024,Nocturna,18,921
30/05/2024,Nocturna,19,688
30/05/2024,Nocturna,20,687
30/05/2024,Vespertina,01,138
30/05/2024,Vespertina,02,782
30/05/2024,Vespertina,03,220
30/05/2024,Vespertina,04,686
30/05/2024,Vespertina,05,772
30/05/2024,Vespertina,06,196
30/05/2024,Vespertina,07,579
30/05/2024,Vespertina,08,192
30/05/2024,Vespertina,09,305
30/05/2024,Vespertina,10,596
30/05/2024,Vespertina,11,644
30/05/2024,Vespertina,12,036
30/05/2024,Vespertina,13,119
30/05/2024,Vespertina,14,161
30/05/2024,Vespertina,15,637
30/05/2024,Vespertina,16,061
30/05/2024,Vespertina,17,783
30/05/2024,Vespertina,18,921
30/05/2024,Vespertina,19,688
30/05/2024,Vespertina,20,687
29/05/2024,Nocturna,01,667
29/05/2024,Nocturna,02,112
29/05/2024,Nocturna,03,341
29/05/2024,Nocturna,04,366
29/05/2024,Nocturna,05,767
29/05/2024,Nocturna,06,555
29/05/2024,Nocturna,07,439
29/05/2024,Nocturna,08,527
29/05/2024,Nocturna,09,325
29/05/2024,Nocturna,10,971
29/05/2024,Nocturna,11,314
29/05/2024,Nocturna,12,091
29/05/2024,Nocturna,13,878
29/05/2024,Nocturna,14,653
29/05/2024,Nocturna,15,434
29/05/2024,Nocturna,16,183
29/05/2024,Nocturna,17,949
29/05/2024,Nocturna,18,155
29/05/2024,Nocturna,19,528
29/05/2024,Nocturna,20,994
29/05/2024,Vespertina,01,054
29/05/2024,Vespertina,02,784
29/05/2024,Vespertina,03,893
29/05/2024,Vespertina,04,410
29/05/2024,Vespertina,05,466
29/05/2024,Vespertina,06,601
29/05/2024,Vespertina,07,570
29/05/2024,Vespertina,08,554
29/05/2024,Vespertina,09,079
29/05/2024,Vespertina,10,840
29/05/2024,Vespertina,11,260
29/05/2024,Vespertina,12,821
29/05/2024,Vespertina,13,885
29/05/2024,Vespertina,14,874
29/05/2024,Vespertina,15,767
29/05/2024,Vespertina,16,470
29/05/2024,Vespertina,17,427
29/05/2024,Vespertina,18,208
29/05/2024,Vespertina,19,253
29/05/2024,Vespertina,20,566
28/05/2024,Nocturna,01,407
28/05/2024,Nocturna,02,106
28/05/2024,Nocturna,03,880
28/05/2024,Nocturna,04,746
28/05/2024,Nocturna,05,501
28/05/2024,Nocturna,06,290
28/05/2024,Nocturna,07,663
28/05/2024,Nocturna,08,356
28/05/2024,Nocturna,09,650
28/05/2024,Nocturna,10,609
28/05/2024,Nocturna,11,555
28/05/2024,Nocturna,12,023
28/05/2024,Nocturna,13,162
28/05/2024,Nocturna,14,646
28/05/2024,Nocturna,15,591
28/05/2024,Nocturna,16,125
28/05/2024,Nocturna,17,304
28/05/2024,Nocturna,18,012
28/05/2024,Nocturna,19,369
28/05/2024,Nocturna,20,082
28/05/2024,Vespertina,01,997
28/05/2024,Vespertina,02,529
28/05/2024,Vespertina,03,106
28/05/2024,Vespertina,04,354
28/05/2024,Vespertina,05,245
28/05/2024,Vespertina,06,868
28/05/2024,Vespertina,07,068
28/05/2024,Vespertina,08,075
28/05/2024,Vespertina,09,316
28/05/2024,Vespertina,10,399
28/05/2024,Vespertina,11,787
28/05/2024,Vespertina,12,807
28/05/2024,Vespertina,13,855
28/05/2024,Vespertina,14,877
28/05/2024,Vespertina,15,046
28/05/2024,Vespertina,16,133
28/05/2024,Vespertina,17,589
28/05/2024,Vespertina,18,770
28/05/2024,Vespertina,19,723
28/05/2024,Vespertina,20,209
27/05/2024,Nocturna,01,845
27/05/2024,Nocturna,02,482
27/05/2024,Nocturna,03,657
27/05/2024,Nocturna,04,868
27/05/2024,Nocturna,05,276
27/05/2024,Nocturna,06,865
27/05/2024,Nocturna,07,214
27/05/2024,Nocturna,08,739
27/05/2024,Nocturna,09,270
27/05/2024,Nocturna,10,395
27/05/2024,Nocturna,11,597
27/05/2024,Nocturna,12,913
27/05/2024,Nocturna,13,111
27/05/2024,Nocturna,14,065
27/05/2024,Nocturna,15,021
27/05/2024,Nocturna,16,209
27/05/2024,Nocturna,17,707
27/05/2024,Nocturna,18,628
27/05/2024,Nocturna,19,162
27/05/2024,Nocturna,20,327
27/05/2024,Vespertina,01,601
27/05/2024,Vespertina,02,043
27/05/2024,Vespertina,03,047
27/05/2024,Vespertina,04,115
27/05/2024,Vespertina,05,000
27/05/2024,Vespertina,06,138
27/05/2024,Vespertina,07,005
27/05/2024,Vespertina,08,207
27/05/2024,Vespertina,09,557
27/05/2024,Vespertina,10,885
27/05/2024,Vespertina,11,571
27/05/2024,Vespertina,12,367
27/05/2024,Vespertina,13,363
27/05/2024,Vespertina,14,098
27/05/2024,Vespertina,15,443
27/05/2024,Vespertina,16,812
27/05/2024,Vespertina,17,813
27/05/2024,Vespertina,18,201
27/05/2024,Vespertina,19,280
27/05/2024,Vespertina,20,592
25/05/2024,Nocturna,01,905
25/05/2024,Nocturna,02,065
25/05/2024,Nocturna,03,743
25/05/2024,Nocturna,04,713
25/05/2024,Nocturna,05,522
25/05/2024,Nocturna,06,534
25/05/2024,Nocturna,07,333
25/05/2024,Nocturna,08,722
25/05/2024,Nocturna,09,199
25/05/2024,Nocturna,10,397
25/05/2024,Nocturna,11,245
25/05/2024,Nocturna,12,895
25/05/2024,Nocturna,13,946
25/05/2024,Nocturna,14,390
25/05/2024,Nocturna,15,045
25/05/2024,Nocturna,16,841
25/05/2024,Nocturna,17,556
25/05/2024,Nocturna,18,064
25/05/2024,Nocturna,19,590
25/05/2024,Nocturna,20,359
24/05/2024,Nocturna,01,008
24/05/2024,Nocturna,02,303
24/05/2024,Nocturna,03,177
24/05/2024,Nocturna,04,666
24/05/2024,Nocturna,05,243
24/05/2024,Nocturna,06,983
24/05/2024,Nocturna,07,108
24/05/2024,Nocturna,08,692
24/05/2024,Nocturna,09,836
24/05/2024,Nocturna,10,319
24/05/2024,Nocturna,11,342
24/05/2024,Nocturna,12,042
24/05/2024,Nocturna,13,750
24/05/2024,Nocturna,14,034
24/05/2024,Nocturna,15,243
24/05/2024,Nocturna,16,234
24/05/2024,Nocturna,17,067
24/05/2024,Nocturna,18,294
24/05/2024,Nocturna,19,381
24/05/2024,Nocturna,20,436
24/05/2024,Vespertina,01,492
24/05/2024,Vespertina,02,838
24/05/2024,Vespertina,03,915
24/05/2024,Vespertina,04,730
24/05/2024,Vespertina,05,437
24/05/2024,Vespertina,06,018
24/05/2024,Vespertina,07,217
24/05/2024,Vespertina,08,243
24/05/2024,Vespertina,09,840
24/05/2024,Vespertina,10,244
24/05/2024,Vespertina,11,149
24/05/2024,Vespertina,12,322
24/05/2024,Vespertina,13,040
24/05/2024,Vespertina,14,922
24/05/2024,Vespertina,15,462
24/05/2024,Vespertina,16,546
24/05/2024,Vespertina,17,038
24/05/2024,Vespertina,18,465
24/05/2024,Vespertina,19,438
24/05/2024,Vespertina,20,066
23/05/2024,Nocturna,01,327
23/05/2024,Nocturna,02,604
23/05/2024,Nocturna,03,393
23/05/2024,Nocturna,04,944
23/05/2024,Nocturna,05,644
23/05/2024,Nocturna,06,564
23/05/2024,Nocturna,07,633
23/05/2024,Nocturna,08,809
23/05/2024,Nocturna,09,713
23/05/2024,Nocturna,10,572
23/05/2024,Nocturna,11,821
23/05/2024,Nocturna,12,494
23/05/2024,Nocturna,13,251
23/05/2024,Nocturna,14,807
23/05/2024,Nocturna,15,452
23/05/2024,Nocturna,16,416
23/05/2024,Nocturna,17,142
23/05/2024,Nocturna,18,376
23/05/2024,Nocturna,19,799
23/05/2024,Nocturna,20,311
23/05/2024,Vespertina,01,994
23/05/2024,Vespertina,02,596
23/05/2024,Vespertina,03,922
23/05/2024,Vespertina,04,238
23/05/2024,Vespertina,05,090
23/05/2024,Vespertina,06,726
23/05/2024,Vespertina,07,453
23/05/2024,Vespertina,08,714
23/05/2024,Vespertina,09,042
23/05/2024,Vespertina,10,769
23/05/2024,Vespertina,11,600
23/05/2024,Vespertina,12,104
23/05/2024,Vespertina,13,584
23/05/2024,Vespertina,14,980
23/05/2024,Vespertina,15,535
23/05/2024,Vespertina,16,978
23/05/2024,Vespertina,17,915
23/05/2024,Vespertina,18,457
23/05/2024,Vespertina,19,638
23/05/2024,Vespertina,20,472
22/05/2024,Nocturna,01,914
22/05/2024,Nocturna,02,896
22/05/2024,Nocturna,03,760
22/05/2024,Nocturna,04,436
22/05/2024,Nocturna,05,058
22/05/2024,Nocturna,06,418
22/05/2024,Nocturna,07,853
22/05/2024,Nocturna,08,886
22/05/2024,Nocturna,09,190
22/05/2024,Nocturna,10,187
22/05/2024,Nocturna,11,479
22/05/2024,Nocturna,12,899
22/05/2024,Nocturna,13,374
22/05/2024,Nocturna,14,133
22/05/2024,Nocturna,15,494
22/05/2024,Nocturna,16,062
22/05/2024,Nocturna,17,794
22/05/2024,Nocturna,18,994
22/05/2024,Nocturna,19,302
22/05/2024,Nocturna,20,998
22/05/2024,Vespertina,01,192
22/05/2024,Vespertina,02,075
22/05/2024,Vespertina,03,877
22/05/2024,Vespertina,04,463
22/05/2024,Vespertina,05,175
22/05/2024,Vespertina,06,669
22/05/2024,Vespertina,07,487
22/05/2024,Vespertina,08,591
22/05/2024,Vespertina,09,370
22/05/2024,Vespertina,10,913
22/05/2024,Vespertina,11,984
22/05/2024,Vespertina,12,122
22/05/2024,Vespertina,13,969
22/05/2024,Vespertina,14,212
22/05/2024,Vespertina,15,833
22/05/2024,Vespertina,16,886
22/05/2024,Vespertina,17,512
22/05/2024,Vespertina,18,721
22/05/2024,Vespertina,19,144
22/05/2024,Vespertina,20,449
21/05/2024,Nocturna,01,593
21/05/2024,Nocturna,02,934
21/05/2024,Nocturna,03,064
21/05/2024,Nocturna,04,054
21/05/2024,Nocturna,05,849
21/05/2024,Nocturna,06,825
21/05/2024,Nocturna,07,871
21/05/2024,Nocturna,08,095
21/05/2024,Nocturna,09,902
21/05/2024,Nocturna,10,379
21/05/2024,Nocturna,11,564
21/05/2024,Nocturna,12,308
21/05/2024,Nocturna,13,280
21/05/2024,Nocturna,14,496
21/05/2024,Nocturna,15,133
21/05/2024,Nocturna,16,087
21/05/2024,Nocturna,17,164
21/05/2024,Nocturna,18,728
21/05/2024,Nocturna,19,537
21/05/2024,Nocturna,20,132
21/05/2024,Vespertina,01,273
21/05/2024,Vespertina,02,018
21/05/2024,Vespertina,03,019
21/05/2024,Vespertina,04,709
21/05/2024,Vespertina,05,534
21/05/2024,Vespertina,06,261
21/05/2024,Vespertina,07,323
21/05/2024,Vespertina,08,462
21/05/2024,Vespertina,09,995
21/05/2024,Vespertina,10,465
21/05/2024,Vespertina,11,139
21/05/2024,Vespertina,12,973
21/05/2024,Vespertina,13,899
21/05/2024,Vespertina,14,906
21/05/2024,Vespertina,15,967
21/05/2024,Vespertina,16,847
21/05/2024,Vespertina,17,713
21/05/2024,Vespertina,18,721
21/05/2024,Vespertina,19,138
21/05/2024,Vespertina,20,035
20/05/2024,Nocturna,01,870
20/05/2024,Nocturna,02,568
20/05/2024,Nocturna,03,693
20/05/2024,Nocturna,04,606
20/05/2024,Nocturna,05,919
20/05/2024,Nocturna,06,183
20/05/2024,Nocturna,07,472
20/05/2024,Nocturna,08,945
20/05/2024,Nocturna,09,743
20/05/2024,Nocturna,10,525
20/05/2024,Nocturna,11,710
20/05/2024,Nocturna,12,056
20/05/2024,Nocturna,13,916
20/05/2024,Nocturna,14,034
20/05/2024,Nocturna,15,321
20/05/2024,Nocturna,16,547
20/05/2024,Nocturna,17,493
20/05/2024,Nocturna,18,773
20/05/2024,Nocturna,19,436
20/05/2024,Nocturna,20,809
20/05/2024,Vespertina,01,870
20/05/2024,Vespertina,02,568
20/05/2024,Vespertina,03,693
20/05/2024,Vespertina,04,606
20/05/2024,Vespertina,05,919
20/05/2024,Vespertina,06,183
20/05/2024,Vespertina,07,472
20/05/2024,Vespertina,08,945
20/05/2024,Vespertina,09,743
20/05/2024,Vespertina,10,525
20/05/2024,Vespertina,11,710
20/05/2024,Vespertina,12,056
20/05/2024,Vespertina,13,916
20/05/2024,Vespertina,14,034
20/05/2024,Vespertina,15,321
20/05/2024,Vespertina,16,547
20/05/2024,Vespertina,17,493
20/05/2024,Vespertina,18,773
20/05/2024,Vespertina,19,436
20/05/2024,Vespertina,20,809
17/05/2024,Nocturna,01,065
17/05/2024,Nocturna,02,933
17/05/2024,Nocturna,03,846
17/05/2024,Nocturna,04,844
17/05/2024,Nocturna,05,511
17/05/2024,Nocturna,06,627
17/05/2024,Nocturna,07,258
17/05/2024,Nocturna,08,634
17/05/2024,Nocturna,09,682
17/05/2024,Nocturna,10,812
17/05/2024,Nocturna,11,806
17/05/2024,Nocturna,12,344
17/05/2024,Nocturna,13,791
17/05/2024,Nocturna,14,885
17/05/2024,Nocturna,15,626
17/05/2024,Nocturna,16,237
17/05/2024,Nocturna,17,683
17/05/2024,Nocturna,18,664
17/05/2024,Nocturna,19,324
17/05/2024,Nocturna,20,712
17/05/2024,Vespertina,01,959
17/05/2024,Vespertina,02,245
17/05/2024,Vespertina,03,202
17/05/2024,Vespertina,04,357
17/05/2024,Vespertina,05,552
17/05/2024,Vespertina,06,239
17/05/2024,Vespertina,07,392
17/05/2024,Vespertina,08,825
17/05/2024,Vespertina,09,340
17/05/2024,Vespertina,10,698
17/05/2024,Vespertina,11,266
17/05/2024,Vespertina,12,449
17/05/2024,Vespertina,13,191
17/05/2024,Vespertina,14,936
17/05/2024,Vespertina,15,600
17/05/2024,Vespertina,16,054
17/05/2024,Vespertina,17,791
17/05/2024,Vespertina,18,399
17/05/2024,Vespertina,19,295
17/05/2024,Vespertina,20,845
16/05/2024,Nocturna,01,743
16/05/2024,Nocturna,02,475
16/05/2024,Nocturna,03,720
16/05/2024,Nocturna,04,102
16/05/2024,Nocturna,05,884
16/05/2024,Nocturna,06,259
16/05/2024,Nocturna,07,023
16/05/2024,Nocturna,08,501
16/05/2024,Nocturna,09,127
16/05/2024,Nocturna,10,733
16/05/2024,Nocturna,11,788
16/05/2024,Nocturna,12,923
16/05/2024,Nocturna,13,665
16/05/2024,Nocturna,14,023
16/05/2024,Nocturna,15,117
16/05/2024,Nocturna,16,456
16/05/2024,Nocturna,17,152
16/05/2024,Nocturna,18,238
16/05/2024,Nocturna,19,354
16/05/2024,Nocturna,20,604
16/05/2024,Vespertina,01,860
16/05/2024,Vespertina,02,555
16/05/2024,Vespertina,03,719
16/05/2024,Vespertina,04,163
16/05/2024,Vespertina,05,908
16/05/2024,Vespertina,06,822
16/05/2024,Vespertina,07,462
16/05/2024,Vespertina,08,467
16/05/2024,Vespertina,09,343
16/05/2024,Vespertina,10,979
16/05/2024,Vespertina,11,337
16/05/2024,Vespertina,12,316
16/05/2024,Vespertina,13,467
16/05/2024,Vespertina,14,799
16/05/2024,Vespertina,15,216
16/05/2024,Vespertina,16,687
16/05/2024,Vespertina,17,112
16/05/2024,Vespertina,18,881
16/05/2024,Vespertina,19,946
16/05/2024,Vespertina,20,110
15/05/2024,Nocturna,01,849
15/05/2024,Nocturna,02,501
15/05/2024,Nocturna,03,558
15/05/2024,Nocturna,04,374
15/05/2024,Nocturna,05,754
15/05/2024,Nocturna,06,624
15/05/2024,Nocturna,07,723
15/05/2024,Nocturna,08,352
15/05/2024,Nocturna,09,792
15/05/2024,Nocturna,10,574
15/05/2024,Nocturna,11,036
15/05/2024,Nocturna,12,038
15/05/2024,Nocturna,13,607
15/05/2024,Nocturna,14,419
15/05/2024,Nocturna,15,502
15/05/2024,Nocturna,16,346
15/05/2024,Nocturna,17,582
15/05/2024,Nocturna,18,007
15/05/2024,Nocturna,19,538
15/05/2024,Nocturna,20,018
15/05/2024,Vespertina,01,771
15/05/2024,Vespertina,02,911
15/05/2024,Vespertina,03,078
15/05/2024,Vespertina,04,701
15/05/2024,Vespertina,05,819
15/05/2024,Vespertina,06,943
15/05/2024,Vespertina,07,139
15/05/2024,Vespertina,08,377
15/05/2024,Vespertina,09,937
15/05/2024,Vespertina,10,472
15/05/2024,Vespertina,11,681
15/05/2024,Vespertina,12,672
15/05/2024,Vespertina,13,963
15/05/2024,Vespertina,14,164
15/05/2024,Vespertina,15,047
15/05/2024,Vespertina,16,458
15/05/2024,Vespertina,17,110
15/05/2024,Vespertina,18,388
15/05/2024,Vespertina,19,668
15/05/2024,Vespertina,20,606
14/05/2024,Nocturna,01,256
14/05/2024,Nocturna,02,155
14/05/2024,Nocturna,03,520
14/05/2024,Nocturna,04,493
14/05/2024,Nocturna,05,602
14/05/2024,Nocturna,06,217
14/05/2024,Nocturna,07,329
14/05/2024,Nocturna,08,338
14/05/2024,Nocturna,09,148
14/05/2024,Nocturna,10,814
14/05/2024,Nocturna,11,688
14/05/2024,Nocturna,12,434
14/05/2024,Nocturna,13,549
14/05/2024,Nocturna,14,010
14/05/2024,Nocturna,15,529
14/05/2024,Nocturna,16,334
14/05/2024,Nocturna,17,549
14/05/2024,Nocturna,18,427
14/05/2024,Nocturna,19,350
14/05/2024,Nocturna,20,570
14/05/2024,Vespertina,01,561
14/05/2024,Vespertina,02,348
14/05/2024,Vespertina,03,675
14/05/2024,Vespertina,04,879
14/05/2024,Vespertina,05,682
14/05/2024,Vespertina,06,232
14/05/2024,Vespertina,07,432
14/05/2024,Vespertina,08,655
14/05/2024,Vespertina,09,394
14/05/2024,Vespertina,10,862
14/05/2024,Vespertina,11,925
14/05/2024,Vespertina,12,144
14/05/2024,Vespertina,13,417
14/05/2024,Vespertina,14,859
14/05/2024,Vespertina,15,308
14/05/2024,Vespertina,16,848
14/05/2024,Vespertina,17,239
14/05/2024,Vespertina,18,495
14/05/2024,Vespertina,19,702
14/05/2024,Vespertina,20,857
13/05/2024,Nocturna,01,093
13/05/2024,Nocturna,02,678
13/05/2024,Nocturna,03,091
13/05/2024,Nocturna,04,084
13/05/2024,Nocturna,05,493
13/05/2024,Nocturna,06,551
13/05/2024,Nocturna,07,812
13/05/2024,Nocturna,08,925
13/05/2024,Nocturna,09,882
13/05/2024,Nocturna,10,754
13/05/2024,Nocturna,11,080
13/05/2024,Nocturna,12,463
13/05/2024,Nocturna,13,459
13/05/2024,Nocturna,14,105
13/05/2024,Nocturna,15,290
13/05/2024,Nocturna,16,004
13/05/2024,Nocturna,17,296
13/05/2024,Nocturna,18,675
13/05/2024,Nocturna,19,331
13/05/2024,Nocturna,20,140
13/05/2024,Vespertina,01,866
13/05/2024,Vespertina,02,308
13/05/2024,Vespertina,03,186
13/05/2024,Vespertina,04,984
13/05/2024,Vespertina,05,074
13/05/2024,Vespertina,06,875
13/05/2024,Vespertina,07,341
13/05/2024,Vespertina,08,950
13/05/2024,Vespertina,09,928
13/05/2024,Vespertina,10,748
13/05/2024,Vespertina,11,605
13/05/2024,Vespertina,12,122
13/05/2024,Vespertina,13,820
13/05/2024,Vespertina,14,813
13/05/2024,Vespertina,15,226
13/05/2024,Vespertina,16,152
13/05/2024,Vespertina,17,236
13/05/2024,Vespertina,18,219
13/05/2024,Vespertina,19,850
13/05/2024,Vespertina,20,420
11/05/2024,Nocturna,01,144
11/05/2024,Nocturna,02,698
11/05/2024,Nocturna,03,773
11/05/2024,Nocturna,04,070
11/05/2024,Nocturna,05,372
11/05/2024,Nocturna,06,628
11/05/2024,Nocturna,07,331
11/05/2024,Nocturna,08,545
11/05/2024,Nocturna,09,009
11/05/2024,Nocturna,10,793
11/05/2024,Nocturna,11,767
11/05/2024,Nocturna,12,001
11/05/2024,Nocturna,13,943
11/05/2024,Nocturna,14,502
11/05/2024,Nocturna,15,669
11/05/2024,Nocturna,16,854
11/05/2024,Nocturna,17,850
11/05/2024,Nocturna,18,326
11/05/2024,Nocturna,19,773
11/05/2024,Nocturna,20,750
10/05/2024,Nocturna,01,503
10/05/2024,Nocturna,02,820
10/05/2024,Nocturna,03,790
10/05/2024,Nocturna,04,931
10/05/2024,Nocturna,05,705
10/05/2024,Nocturna,06,941
10/05/2024,Nocturna,07,887
10/05/2024,Nocturna,08,562
10/05/2024,Nocturna,09,101
10/05/2024,Nocturna,10,613
10/05/2024,Nocturna,11,834
10/05/2024,Nocturna,12,384
10/05/2024,Nocturna,13,060
10/05/2024,Nocturna,14,159
10/05/2024,Nocturna,15,799
10/05/2024,Nocturna,16,855
10/05/2024,Nocturna,17,534
10/05/2024,Nocturna,18,870
10/05/2024,Nocturna,19,530
10/05/2024,Nocturna,20,417
10/05/2024,Vespertina,01,187
10/05/2024,Vespertina,02,419
10/05/2024,Vespertina,03,479
10/05/2024,Vespertina,04,509
10/05/2024,Vespertina,05,047
10/05/2024,Vespertina,06,555
10/05/2024,Vespertina,07,889
10/05/2024,Vespertina,08,513
10/05/2024,Vespertina,09,611
10/05/2024,Vespertina,10,662
10/05/2024,Vespertina,11,689
10/05/2024,Vespertina,12,486
10/05/2024,Vespertina,13,191
10/05/2024,Vespertina,14,896
10/05/2024,Vespertina,15,939
10/05/2024,Vespertina,16,360
10/05/2024,Vespertina,17,189
10/05/2024,Vespertina,18,659
10/05/2024,Vespertina,19,947
10/05/2024,Vespertina,20,969
09/05/2024,Nocturna,01,840
09/05/2024,Nocturna,02,820
09/05/2024,Nocturna,03,786
09/05/2024,Nocturna,04,581
09/05/2024,Nocturna,05,467
09/05/2024,Nocturna,06,489
09/05/2024,Nocturna,07,774
09/05/2024,Nocturna,08,962
09/05/2024,Nocturna,09,535
09/05/2024,Nocturna,10,481
09/05/2024,Nocturna,11,546
09/05/2024,Nocturna,12,177
09/05/2024,Nocturna,13,801
09/05/2024,Nocturna,14,450
09/05/2024,Nocturna,15,760
09/05/2024,Nocturna,16,587
09/05/2024,Nocturna,17,929
09/05/2024,Nocturna,18,700
09/05/2024,Nocturna,19,586
09/05/2024,Nocturna,20,449
09/05/2024,Vespertina,01,971
09/05/2024,Vespertina,02,745
09/05/2024,Vespertina,03,318
09/05/2024,Vespertina,04,813
09/05/2024,Vespertina,05,162
09/05/2024,Vespertina,06,434
09/05/2024,Vespertina,07,538
09/05/2024,Vespertina,08,881
09/05/2024,Vespertina,09,622
09/05/2024,Vespertina,10,970
09/05/2024,Vespertina,11,982
09/05/2024,Vespertina,12,242
09/05/2024,Vespertina,13,676
09/05/2024,Vespertina,14,267
09/05/2024,Vespertina,15,113
09/05/2024,Vespertina,16,690
09/05/2024,Vespertina,17,026
09/05/2024,Vespertina,18,447
09/05/2024,Vespertina,19,187
09/05/2024,Vespertina,20,743
08/05/2024,Nocturna,01,861
08/05/2024,Nocturna,02,559
08/05/2024,Nocturna,03,361
08/05/2024,Nocturna,04,905
08/05/2024,Nocturna,05,722
08/05/2024,Nocturna,06,035
08/05/2024,Nocturna,07,157
08/05/2024,Nocturna,08,948
08/05/2024,Nocturna,09,828
08/05/2024,Nocturna,10,989
08/05/2024,Nocturna,11,033
08/05/2024,Nocturna,12,290
08/05/2024,Nocturna,13,936
08/05/2024,Nocturna,14,028
08/05/2024,Nocturna,15,182
08/05/2024,Nocturna,16,781
08/05/2024,Nocturna,17,473
08/05/2024,Nocturna,18,048
08/05/2024,Nocturna,19,815
08/05/2024,Nocturna,20,303
08/05/2024,Vespertina,01,406
08/05/2024,Vespertina,02,058
08/05/2024,Vespertina,03,031
08/05/2024,Vespertina,04,496
08/05/2024,Vespertina,05,790
08/05/2024,Vespertina,06,530
08/05/2024,Vespertina,07,022
08/05/2024,Vespertina,08,560
08/05/2024,Vespertina,09,772
08/05/2024,Vespertina,10,468
08/05/2024,Vespertina,11,830
08/05/2024,Vespertina,12,017
08/05/2024,Vespertina,13,262
08/05/2024,Vespertina,14,031
08/05/2024,Vespertina,15,776
08/05/2024,Vespertina,16,783
08/05/2024,Vespertina,17,788
08/05/2024,Vespertina,18,269
08/05/2024,Vespertina,19,629
08/05/2024,Vespertina,20,128
07/05/2024,Nocturna,01,093
07/05/2024,Nocturna,02,354
07/05/2024,Nocturna,03,702
07/05/2024,Nocturna,04,933
07/05/2024,Nocturna,05,013
07/05/2024,Nocturna,06,185
07/05/2024,Nocturna,07,409
07/05/2024,Nocturna,08,484
07/05/2024,Nocturna,09,658
07/05/2024,Nocturna,10,772
07/05/2024,Nocturna,11,648
07/05/2024,Nocturna,12,604
07/05/2024,Nocturna,13,279
07/05/2024,Nocturna,14,078
07/05/2024,Nocturna,15,527
07/05/2024,Nocturna,16,686
07/05/2024,Nocturna,17,340
07/05/2024,Nocturna,18,645
07/05/2024,Nocturna,19,842
07/05/2024,Nocturna,20,202
07/05/2024,Vespertina,01,136
07/05/2024,Vespertina,02,375
07/05/2024,Vespertina,03,733
07/05/2024,Vespertina,04,912
07/05/2024,Vespertina,05,193
07/05/2024,Vespertina,06,035
07/05/2024,Vespertina,07,363
07/05/2024,Vespertina,08,415
07/05/2024,Vespertina,09,705
07/05/2024,Vespertina,10,764
07/05/2024,Vespertina,11,486
07/05/2024,Vespertina,12,112
07/05/2024,Vespertina,13,840
07/05/2024,Vespertina,14,039
07/05/2024,Vespertina,15,470
07/05/2024,Vespertina,16,431
07/05/2024,Vespertina,17,590
07/05/2024,Vespertina,18,004
07/05/2024,Vespertina,19,570
07/05/2024,Vespertina,20,710
06/05/2024,Nocturna,01,986
06/05/2024,Nocturna,02,859
06/05/2024,Nocturna,03,849
06/05/2024,Nocturna,04,064
06/05/2024,Nocturna,05,802
06/05/2024,Nocturna,06,786
06/05/2024,Nocturna,07,072
06/05/2024,Nocturna,08,970
06/05/2024,Nocturna,09,016
06/05/2024,Nocturna,10,611
06/05/2024,Nocturna,11,964
06/05/2024,Nocturna,12,958
06/05/2024,Nocturna,13,049
06/05/2024,Nocturna,14,732
06/05/2024,Nocturna,15,475
06/05/2024,Nocturna,16,214
06/05/2024,Nocturna,17,307
06/05/2024,Nocturna,18,249
06/05/2024,Nocturna,19,712
06/05/2024,Nocturna,20,717